sku,manual_type,pdf_name,pdf_location,series,brand
ZD42BK,Product Manual,ZD42BK-Installation-Leaflet.pdf,Napoleon/ZD42BK-Installation-Leaflet.pdf,,
BTAX42BK,Product Manual,Premium-Bevelled-Trim-Kit--BTAX36---42-.pdf,Napoleon/Premium-Bevelled-Trim-Kit--BTAX36---42-.pdf,,
BTAX36BK,Product Manual,Premium-Bevelled-Trim-Kit--BTAX36---42-.pdf,Napoleon/Premium-Bevelled-Trim-Kit--BTAX36---42-.pdf,,
OLKEX42,Product Manual,Premium-Bevelled-Trim-Kit--BTAX36---42-.pdf,Napoleon/Premium-Bevelled-Trim-Kit--BTAX36---42-.pdf,,
FTEX42BK,Product Manual,Optional-Front-Accessory-Installation--EX36-42-.pdf,Napoleon/Optional-Front-Accessory-Installation--EX36-42-.pdf,,
ZEX36CH,Product Manual,Optional-Front-Accessory-Installation--EX36-42-.pdf,Napoleon/Optional-Front-Accessory-Installation--EX36-42-.pdf,,
ZEX42CH,Product Manual,Optional-Front-Accessory-Installation--EX36-42-.pdf,Napoleon/Optional-Front-Accessory-Installation--EX36-42-.pdf,,
FTEX42GM,Product Manual,Optional-Front-Accessory-Installation--EX36-42-.pdf,Napoleon/Optional-Front-Accessory-Installation--EX36-42-.pdf,,
ZEX36BK,Product Manual,Optional-Front-Accessory-Installation--EX36-42-.pdf,Napoleon/Optional-Front-Accessory-Installation--EX36-42-.pdf,,
FTEX42CH,Product Manual,Optional-Front-Accessory-Installation--EX36-42-.pdf,Napoleon/Optional-Front-Accessory-Installation--EX36-42-.pdf,,
DBPDX42OH,Product Manual,DBPDX42-Installation-Leaflet.pdf,Napoleon/DBPDX42-Installation-Leaflet.pdf,,
DBPDX42NS,Product Manual,DBPDX42-Installation-Leaflet.pdf,Napoleon/DBPDX42-Installation-Leaflet.pdf,,
DBPDX42SS,Product Manual,DBPDX42-Installation-Leaflet.pdf,Napoleon/DBPDX42-Installation-Leaflet.pdf,,
DBPDX42WH,Product Manual,DBPDX42-Installation-Leaflet.pdf,Napoleon/DBPDX42-Installation-Leaflet.pdf,,
DBPDX42OS,Product Manual,DBPDX42-Installation-Leaflet.pdf,Napoleon/DBPDX42-Installation-Leaflet.pdf,,
DBPDX42WS,Product Manual,DBPDX42-Installation-Leaflet.pdf,Napoleon/DBPDX42-Installation-Leaflet.pdf,,
ATOM,Product Manual,Auxiliary-Timing-Operation-Module-Leaflet.pdf,Napoleon/Auxiliary-Timing-Operation-Module-Leaflet.pdf,,
DBPB36SS,Product Manual,DBP36-Installation-Leaflet.pdf,Napoleon/DBP36-Installation-Leaflet.pdf,,
DBPB36WH,Product Manual,DBP36-Installation-Leaflet.pdf,Napoleon/DBP36-Installation-Leaflet.pdf,,
DBPB36WS,Product Manual,DBP36-Installation-Leaflet.pdf,Napoleon/DBP36-Installation-Leaflet.pdf,,
DBPB36OH,Product Manual,DBP36-Installation-Leaflet.pdf,Napoleon/DBP36-Installation-Leaflet.pdf,,
GVF36-2P,Product Manual,Grandville-Series-Manual1.pdf,Napoleon/Grandville-Series-Manual1.pdf,,
GVF36-2N,Product Manual,Grandville-Series-Manual1.pdf,Napoleon/Grandville-Series-Manual1.pdf,,
PRPEX42,Product Manual,PRPEX36---42.pdf,Napoleon/PRPEX36---42.pdf,,
ZEX42BK,Product Manual,PRPEX36---42.pdf,Napoleon/PRPEX36---42.pdf,,
PRPEX36,Product Manual,PRPEX36---42.pdf,Napoleon/PRPEX36---42.pdf,,
NEFB40H,Product Manual,Ascent-Electric-Series-Manual.pdf,Napoleon/Ascent-Electric-Series-Manual.pdf,,
NEFB33H,Product Manual,Ascent-Electric-Series-Manual.pdf,Napoleon/Ascent-Electric-Series-Manual.pdf,,
NEFI18H,Product Manual,Woodland-Log-Set-Insert-Manual.pdf,Napoleon/Woodland-Log-Set-Insert-Manual.pdf,,
DBPEX42WS,Product Manual,DBPEX36---42.pdf,Napoleon/DBPEX36---42.pdf,,
DBPEX36OS,Product Manual,DBPEX36---42.pdf,Napoleon/DBPEX36---42.pdf,,
DBPEX36WS,Product Manual,DBPEX36---42.pdf,Napoleon/DBPEX36---42.pdf,,
DBPEX42OS,Product Manual,DBPEX36---42.pdf,Napoleon/DBPEX36---42.pdf,,
NEFI24H,Product Manual,Woodland-Electric-Series-Manual.pdf,Napoleon/Woodland-Electric-Series-Manual.pdf,,
NEFI27H,Product Manual,Woodland-Electric-Series-Manual.pdf,Napoleon/Woodland-Electric-Series-Manual.pdf,,
GDIZC-NSB,Product Manual,GDIZC-Manual--CSA-.pdf,Napoleon/GDIZC-Manual--CSA-.pdf,,
AX42PTE,Product Manual,Altitude-X-Series-Owner-s-Manual.pdf,Napoleon/Altitude-X-Series-Owner-s-Manual.pdf,,
AX36PTE,Product Manual,Altitude-X-Series-Owner-s-Manual.pdf,Napoleon/Altitude-X-Series-Owner-s-Manual.pdf,,
AX36NTE,Product Manual,Altitude-X-Series-Owner-s-Manual.pdf,Napoleon/Altitude-X-Series-Owner-s-Manual.pdf,,
AX42NTE,Product Manual,Altitude-X-Series-Owner-s-Manual.pdf,Napoleon/Altitude-X-Series-Owner-s-Manual.pdf,,
GDIX3N,Product Manual,Oakville--Series-Owner-s-Manual.pdf,Napoleon/Oakville--Series-Owner-s-Manual.pdf,,
GDIG3N,Product Manual,Oakville--Series-Owner-s-Manual.pdf,Napoleon/Oakville--Series-Owner-s-Manual.pdf,,
GDIX4N,Product Manual,Oakville--Series-Owner-s-Manual.pdf,Napoleon/Oakville--Series-Owner-s-Manual.pdf,,
GDI3N,Product Manual,Oakville--Series-Owner-s-Manual.pdf,Napoleon/Oakville--Series-Owner-s-Manual.pdf,,
GDI3NE,Product Manual,Oakville--Series-Owner-s-Manual.pdf,Napoleon/Oakville--Series-Owner-s-Manual.pdf,,
B52PG-1,Product Manual,HDX52-Fire-Cradle-Assembly-Manual.pdf,Napoleon/HDX52-Fire-Cradle-Assembly-Manual.pdf,,
B52NG-1,Product Manual,HDX52-Fire-Cradle-Assembly-Manual.pdf,Napoleon/HDX52-Fire-Cradle-Assembly-Manual.pdf,,
NEFVC38H,Product Manual,NEFVC32H-38H-Manual.pdf,Napoleon/NEFVC32H-38H-Manual.pdf,,
NEFVC32H,Product Manual,NEFVC32H-38H-Manual.pdf,Napoleon/NEFVC32H-38H-Manual.pdf,,
B52PTL,Product Manual,HDX52-Log-Burner-Assembly-Manual.pdf,Napoleon/HDX52-Log-Burner-Assembly-Manual.pdf,,
B52NTL,Product Manual,HDX52-Log-Burner-Assembly-Manual.pdf,Napoleon/HDX52-Log-Burner-Assembly-Manual.pdf,,
2200-1,Product Manual,2200-1-Installation-Manual-MAR20.pdf,Napoleon/2200-1-Installation-Manual-MAR20.pdf,,
NEFL74CHS-1,Product Manual,Alluravision--Installation---Operation-Manual---1-.pdf,Napoleon/Alluravision--Installation---Operation-Manual---1-.pdf,,
NEFL100CHD-1,Product Manual,Alluravision--Installation---Operation-Manual---1-.pdf,Napoleon/Alluravision--Installation---Operation-Manual---1-.pdf,,
NEFL74CHD-1,Product Manual,Alluravision--Installation---Operation-Manual---1-.pdf,Napoleon/Alluravision--Installation---Operation-Manual---1-.pdf,,
NEFL50CHS-1,Product Manual,Alluravision--Installation---Operation-Manual---1-.pdf,Napoleon/Alluravision--Installation---Operation-Manual---1-.pdf,,
NEFL50CHD-1,Product Manual,Alluravision--Installation---Operation-Manual---1-.pdf,Napoleon/Alluravision--Installation---Operation-Manual---1-.pdf,,
NEFL60CHD-1,Product Manual,Alluravision--Installation---Operation-Manual---1-.pdf,Napoleon/Alluravision--Installation---Operation-Manual---1-.pdf,,
NEFL42CHS-1,Product Manual,Alluravision--Installation---Operation-Manual---1-.pdf,Napoleon/Alluravision--Installation---Operation-Manual---1-.pdf,,
NEFL60CHS-1,Product Manual,Alluravision--Installation---Operation-Manual---1-.pdf,Napoleon/Alluravision--Installation---Operation-Manual---1-.pdf,,
NEFL42CHD-1,Product Manual,Alluravision--Installation---Operation-Manual---1-.pdf,Napoleon/Alluravision--Installation---Operation-Manual---1-.pdf,,
GDS26NW-1,Product Manual,Castlemore-Series-Manual.pdf,Napoleon/Castlemore-Series-Manual.pdf,,
GDS26NN-1,Product Manual,Castlemore-Series-Manual.pdf,Napoleon/Castlemore-Series-Manual.pdf,,
GDS26N-1,Product Manual,Castlemore-Series-Manual.pdf,Napoleon/Castlemore-Series-Manual.pdf,,
NEFBD60HE,Product Manual,NEFBD50-60HE-Manual.pdf,Napoleon/NEFBD50-60HE-Manual.pdf,,
NEFBD50HE,Product Manual,NEFBD50-60HE-Manual.pdf,Napoleon/NEFBD50-60HE-Manual.pdf,,
NEFBD60HE-SS-DTRM,Product Manual,NEFBD50-60HE-Manual.pdf,Napoleon/NEFBD50-60HE-Manual.pdf,,
DX42NTRE,Product Manual,Ascent-Deep-Series-Owner's-Manual.pdf,Napoleon/Ascent-Deep-Series-Owner's-Manual.pdf,,
DX42PTRE,Product Manual,Ascent-Deep-Series-Owner's-Manual.pdf,Napoleon/Ascent-Deep-Series-Owner's-Manual.pdf,,
D42PTRE,Product Manual,Ascent-Deep-Series-Owner's-Manual.pdf,Napoleon/Ascent-Deep-Series-Owner's-Manual.pdf,,
D42NTRE,Product Manual,Ascent-Deep-Series-Owner's-Manual.pdf,Napoleon/Ascent-Deep-Series-Owner's-Manual.pdf,,
GX42NTRE,Product Manual,Ascent-X-Series-Owner-s-Manual.pdf,Napoleon/Ascent-X-Series-Owner-s-Manual.pdf,,
GX36NTRE-1,Product Manual,Ascent-X-Series-Owner-s-Manual.pdf,Napoleon/Ascent-X-Series-Owner-s-Manual.pdf,,
GX36NTR-1,Product Manual,Ascent-X-Series-Owner-s-Manual.pdf,Napoleon/Ascent-X-Series-Owner-s-Manual.pdf,,
GX70PTE-1,Product Manual,Ascent-X-Series-Owner-s-Manual.pdf,Napoleon/Ascent-X-Series-Owner-s-Manual.pdf,,
GX42PTRE,Product Manual,Ascent-X-Series-Owner-s-Manual.pdf,Napoleon/Ascent-X-Series-Owner-s-Manual.pdf,,
GX70NTE-1,Product Manual,Ascent-X-Series-Owner-s-Manual.pdf,Napoleon/Ascent-X-Series-Owner-s-Manual.pdf,,
GX36PTRE-1,Product Manual,Ascent-X-Series-Owner-s-Manual.pdf,Napoleon/Ascent-X-Series-Owner-s-Manual.pdf,,
GX36PTR-1,Product Manual,Ascent-X-Series-Owner-s-Manual.pdf,Napoleon/Ascent-X-Series-Owner-s-Manual.pdf,,
NEFB30H,Product Manual,NEFB26H-&-30H-Installation-&-Operation-Manual.pdf,Napoleon/NEFB26H-&-30H-Installation-&-Operation-Manual.pdf,,
NEFB26H,Product Manual,NEFB26H-&-30H-Installation-&-Operation-Manual.pdf,Napoleon/NEFB26H-&-30H-Installation-&-Operation-Manual.pdf,,
GVFL18N,Product Manual,Fiberglow-Series-Manual1.pdf,Napoleon/Fiberglow-Series-Manual1.pdf,,
GVFL18P,Product Manual,Fiberglow-Series-Manual1.pdf,Napoleon/Fiberglow-Series-Manual1.pdf,,
GVFL24P,Product Manual,Fiberglow-Series-Manual1.pdf,Napoleon/Fiberglow-Series-Manual1.pdf,,
GVFL30N,Product Manual,Fiberglow-Series-Manual1.pdf,Napoleon/Fiberglow-Series-Manual1.pdf,,
GVFL24N,Product Manual,Fiberglow-Series-Manual1.pdf,Napoleon/Fiberglow-Series-Manual1.pdf,,
GVFL30P,Product Manual,Fiberglow-Series-Manual1.pdf,Napoleon/Fiberglow-Series-Manual1.pdf,,
IOL38K,Product Manual,Indoor-Outdoor-Linear-Kit-Manual.pdf,Napoleon/Indoor-Outdoor-Linear-Kit-Manual.pdf,,
IOL50K,Product Manual,Indoor-Outdoor-Linear-Kit-Manual.pdf,Napoleon/Indoor-Outdoor-Linear-Kit-Manual.pdf,,
IOL62K,Product Manual,Indoor-Outdoor-Linear-Kit-Manual.pdf,Napoleon/Indoor-Outdoor-Linear-Kit-Manual.pdf,,
IOL74K,Product Manual,Indoor-Outdoor-Linear-Kit-Manual.pdf,Napoleon/Indoor-Outdoor-Linear-Kit-Manual.pdf,,
GVF42-1N,Product Manual,Grandville-Series-Manual.pdf,Napoleon/Grandville-Series-Manual.pdf,,
GVF42-1P,Product Manual,Grandville-Series-Manual.pdf,Napoleon/Grandville-Series-Manual.pdf,,
NCEX42,Product Manual,NCEX36--42.pdf,Napoleon/NCEX36--42.pdf,,
NCEX36,Product Manual,NCEX36--42.pdf,Napoleon/NCEX36--42.pdf,,
GPFL48,Product Manual,Linear-Patioflame-series-manual.pdf,Napoleon/Linear-Patioflame-series-manual.pdf,,
GPFL48MHP,Product Manual,Linear-Patioflame-series-manual.pdf,Napoleon/Linear-Patioflame-series-manual.pdf,,
GD82NT-PAESB,Product Manual,GD82PAE-Installation-Operation-Manual.pdf,Napoleon/GD82PAE-Installation-Operation-Manual.pdf,,
DHMFG6274,Product Manual,Ducted-Heat-Management-Manual.pdf,Napoleon/Ducted-Heat-Management-Manual.pdf,,
DHMFS6274,Product Manual,Ducted-Heat-Management-Manual.pdf,Napoleon/Ducted-Heat-Management-Manual.pdf,,
DHMSS,Product Manual,Ducted-Heat-Management-Manual.pdf,Napoleon/Ducted-Heat-Management-Manual.pdf,,
DHMF6274,Product Manual,Ducted-Heat-Management-Manual.pdf,Napoleon/Ducted-Heat-Management-Manual.pdf,,
DHMF3850,Product Manual,Ducted-Heat-Management-Manual.pdf,Napoleon/Ducted-Heat-Management-Manual.pdf,,
DHMFS3850,Product Manual,Ducted-Heat-Management-Manual.pdf,Napoleon/Ducted-Heat-Management-Manual.pdf,,
DHMS6274,Product Manual,Ducted-Heat-Management-Manual.pdf,Napoleon/Ducted-Heat-Management-Manual.pdf,,
DHMS3850,Product Manual,Ducted-Heat-Management-Manual.pdf,Napoleon/Ducted-Heat-Management-Manual.pdf,,
DHMSG,Product Manual,Ducted-Heat-Management-Manual.pdf,Napoleon/Ducted-Heat-Management-Manual.pdf,,
GSS42CFN,Product Manual,Riverside-series-manual2.pdf,Napoleon/Riverside-series-manual2.pdf,,
GDS20NE,Product Manual,GDS20-E--Manual--CSA-.pdf,Napoleon/GDS20-E--Manual--CSA-.pdf,,
GDS20NSB,Product Manual,GDS20-E--Manual--CSA-.pdf,Napoleon/GDS20-E--Manual--CSA-.pdf,,
GDS20NNE,Product Manual,GDS20-E--Manual--CSA-.pdf,Napoleon/GDS20-E--Manual--CSA-.pdf,,
GDS20NNSB,Product Manual,GDS20-E--Manual--CSA-.pdf,Napoleon/GDS20-E--Manual--CSA-.pdf,,
GPFR60,Product Manual,Patioflame-burner-manual.pdf,Napoleon/Patioflame-burner-manual.pdf,,
GPFS60,Product Manual,Patioflame-burner-manual.pdf,Napoleon/Patioflame-burner-manual.pdf,,
EX42PTEL,Product Manual,Elevation-Owner-s-Manual.pdf,Napoleon/Elevation-Owner-s-Manual.pdf,,
EX36NTEL,Product Manual,Elevation-Owner-s-Manual.pdf,Napoleon/Elevation-Owner-s-Manual.pdf,,
EX42NTEL,Product Manual,Elevation-Owner-s-Manual.pdf,Napoleon/Elevation-Owner-s-Manual.pdf,,
BTEX42,Product Manual,Elevation-Owner-s-Manual.pdf,Napoleon/Elevation-Owner-s-Manual.pdf,,
EX36PTEL,Product Manual,Elevation-Owner-s-Manual.pdf,Napoleon/Elevation-Owner-s-Manual.pdf,,
B81NS-1,Product Manual,High-Definition-81-Rock-Assembly-Manual.pdf,Napoleon/High-Definition-81-Rock-Assembly-Manual.pdf,,
LVX38NX-1,Product Manual,Acies-Vector-Luxuria-Series-Owner-s-Manual.pdf,Napoleon/Acies-Vector-Luxuria-Series-Owner-s-Manual.pdf,,
LVX62N2X-1,Product Manual,Acies-Vector-Luxuria-Series-Owner-s-Manual.pdf,Napoleon/Acies-Vector-Luxuria-Series-Owner-s-Manual.pdf,,
LVX74NX-1,Product Manual,Acies-Vector-Luxuria-Series-Owner-s-Manual.pdf,Napoleon/Acies-Vector-Luxuria-Series-Owner-s-Manual.pdf,,
LV74N,Product Manual,Acies-Vector-Luxuria-Series-Owner-s-Manual.pdf,Napoleon/Acies-Vector-Luxuria-Series-Owner-s-Manual.pdf,,
LVX74N2X-1,Product Manual,Acies-Vector-Luxuria-Series-Owner-s-Manual.pdf,Napoleon/Acies-Vector-Luxuria-Series-Owner-s-Manual.pdf,,
LV74N2,Product Manual,Acies-Vector-Luxuria-Series-Owner-s-Manual.pdf,Napoleon/Acies-Vector-Luxuria-Series-Owner-s-Manual.pdf,,
LVX74PX,Product Manual,Acies-Vector-Luxuria-Series-Owner-s-Manual.pdf,Napoleon/Acies-Vector-Luxuria-Series-Owner-s-Manual.pdf,,
L50N,Product Manual,Acies-Vector-Luxuria-Series-Owner-s-Manual.pdf,Napoleon/Acies-Vector-Luxuria-Series-Owner-s-Manual.pdf,,
LV74P,Product Manual,Acies-Vector-Luxuria-Series-Owner-s-Manual.pdf,Napoleon/Acies-Vector-Luxuria-Series-Owner-s-Manual.pdf,,
LV74P2,Product Manual,Acies-Vector-Luxuria-Series-Owner-s-Manual.pdf,Napoleon/Acies-Vector-Luxuria-Series-Owner-s-Manual.pdf,,
LV50N2-2,Product Manual,Acies-Vector-Luxuria-Series-Owner-s-Manual.pdf,Napoleon/Acies-Vector-Luxuria-Series-Owner-s-Manual.pdf,,
LV38N-1,Product Manual,Acies-Vector-Luxuria-Series-Owner-s-Manual.pdf,Napoleon/Acies-Vector-Luxuria-Series-Owner-s-Manual.pdf,,
LVX74P2X,Product Manual,Acies-Vector-Luxuria-Series-Owner-s-Manual.pdf,Napoleon/Acies-Vector-Luxuria-Series-Owner-s-Manual.pdf,,
LVX50NX-1,Product Manual,Acies-Vector-Luxuria-Series-Owner-s-Manual.pdf,Napoleon/Acies-Vector-Luxuria-Series-Owner-s-Manual.pdf,,
LVX50N2X-1,Product Manual,Acies-Vector-Luxuria-Series-Owner-s-Manual.pdf,Napoleon/Acies-Vector-Luxuria-Series-Owner-s-Manual.pdf,,
LV50N-2,Product Manual,Acies-Vector-Luxuria-Series-Owner-s-Manual.pdf,Napoleon/Acies-Vector-Luxuria-Series-Owner-s-Manual.pdf,,
LV62N,Product Manual,Acies-Vector-Luxuria-Series-Owner-s-Manual.pdf,Napoleon/Acies-Vector-Luxuria-Series-Owner-s-Manual.pdf,,
L38N2,Product Manual,Acies-Vector-Luxuria-Series-Owner-s-Manual.pdf,Napoleon/Acies-Vector-Luxuria-Series-Owner-s-Manual.pdf,,
LVX38N2X-1,Product Manual,Acies-Vector-Luxuria-Series-Owner-s-Manual.pdf,Napoleon/Acies-Vector-Luxuria-Series-Owner-s-Manual.pdf,,
L50N2,Product Manual,Acies-Vector-Luxuria-Series-Owner-s-Manual.pdf,Napoleon/Acies-Vector-Luxuria-Series-Owner-s-Manual.pdf,,
L38N,Product Manual,Acies-Vector-Luxuria-Series-Owner-s-Manual.pdf,Napoleon/Acies-Vector-Luxuria-Series-Owner-s-Manual.pdf,,
LV62N2,Product Manual,Acies-Vector-Luxuria-Series-Owner-s-Manual.pdf,Napoleon/Acies-Vector-Luxuria-Series-Owner-s-Manual.pdf,,
LV38N2-1,Product Manual,Acies-Vector-Luxuria-Series-Owner-s-Manual.pdf,Napoleon/Acies-Vector-Luxuria-Series-Owner-s-Manual.pdf,,
LVX62NX-1,Product Manual,Acies-Vector-Luxuria-Series-Owner-s-Manual.pdf,Napoleon/Acies-Vector-Luxuria-Series-Owner-s-Manual.pdf,,
NZ5000-T,Product Manual,High-Country-5000-Installation-Manual.pdf,Napoleon/High-Country-5000-Installation-Manual.pdf,,
NZ5000-T,Product Manual,High-Country-Series-Owner-s-Manual.pdf,Napoleon/High-Country-Series-Owner-s-Manual.pdf,,
W175-0737,Product Manual,D-DX-Conversion-Kit-Leaflet.pdf,Napoleon/D-DX-Conversion-Kit-Leaflet.pdf,,
W175-0736,Product Manual,D-DX-Conversion-Kit-Leaflet.pdf,Napoleon/D-DX-Conversion-Kit-Leaflet.pdf,,
BL36NTE-1,Product Manual,Ascent-Linear-Series-Owner-s-Manual.pdf,Napoleon/Ascent-Linear-Series-Owner-s-Manual.pdf,,
BL46NTE,Product Manual,Ascent-Linear-Series-Owner-s-Manual.pdf,Napoleon/Ascent-Linear-Series-Owner-s-Manual.pdf,,
GL24NE,Product Manual,Fiberglow-Series-Manual.pdf,Napoleon/Fiberglow-Series-Manual.pdf,,
GL18NE,Product Manual,Fiberglow-Series-Manual.pdf,Napoleon/Fiberglow-Series-Manual.pdf,,
GL30NE,Product Manual,Fiberglow-Series-Manual.pdf,Napoleon/Fiberglow-Series-Manual.pdf,,
W175-0724,Product Manual,GDI3---GDI3E---GDIX3-Conversion-Kit-Leaflet.pdf,Napoleon/GDI3---GDI3E---GDIX3-Conversion-Kit-Leaflet.pdf,,
GPFGP-2,Product Manual,Patioflame-manual-GPFG.pdf,Napoleon/Patioflame-manual-GPFG.pdf,,
GPFGN-2,Product Manual,Patioflame-manual-GPFG.pdf,Napoleon/Patioflame-manual-GPFG.pdf,,
GD19N-2,Product Manual,GD19-2-Manual--CSA-.pdf,Napoleon/GD19-2-Manual--CSA-.pdf,,
B46NTRE,Product Manual,Ascent--46-Series-Manual.pdf,Napoleon/Ascent--46-Series-Manual.pdf,,
B46NTR,Product Manual,Ascent--46-Series-Manual.pdf,Napoleon/Ascent--46-Series-Manual.pdf,,
GVFT8P,Product Manual,Torch-Series-Manual1.pdf,Napoleon/Torch-Series-Manual1.pdf,,
GVFT8N,Product Manual,Torch-Series-Manual1.pdf,Napoleon/Torch-Series-Manual1.pdf,,
B42NTRE,Product Manual,Ascent--42-Series-Manual.pdf,Napoleon/Ascent--42-Series-Manual.pdf,,
B42NTR,Product Manual,Ascent--42-Series-Manual.pdf,Napoleon/Ascent--42-Series-Manual.pdf,,
B42PTR,Product Manual,Ascent--42-Series-Manual.pdf,Napoleon/Ascent--42-Series-Manual.pdf,,
B42PTRE,Product Manual,Ascent--42-Series-Manual.pdf,Napoleon/Ascent--42-Series-Manual.pdf,,
FTD42BK,Product Manual,FTD42BK-Installation-Leaflet.pdf,Napoleon/FTD42BK-Installation-Leaflet.pdf,,
NEFP33-0214W,Product Manual,Taylor-Electric-Fireplace-Mantel-Manual.pdf,Napoleon/Taylor-Electric-Fireplace-Mantel-Manual.pdf,,
NEFB60H-3SV,Product Manual,TriVista--Series-Installation---Operation-Manual.pdf,Napoleon/TriVista--Series-Installation---Operation-Manual.pdf,,
NEFB50H-3SV,Product Manual,TriVista--Series-Installation---Operation-Manual.pdf,Napoleon/TriVista--Series-Installation---Operation-Manual.pdf,,
GI3600-4NSB,Product Manual,GI3600-4-Manual--CSA-.pdf,Napoleon/GI3600-4-Manual--CSA-.pdf,,
B19NL-2,Product Manual,B19N-PL-2-Installation-Manual.pdf,Napoleon/B19N-PL-2-Installation-Manual.pdf,,
DHCP-BK,Product Manual,DHCEX-Installation-Leaflet.pdf,Napoleon/DHCEX-Installation-Leaflet.pdf,,
NEFL72CFH,Product Manual,Entice-Series-Manual.pdf,Napoleon/Entice-Series-Manual.pdf,,
NEFL50CFH,Product Manual,Entice-Series-Manual.pdf,Napoleon/Entice-Series-Manual.pdf,,
NEFL60CFH,Product Manual,Entice-Series-Manual.pdf,Napoleon/Entice-Series-Manual.pdf,,
NEFL42CFH,Product Manual,Entice-Series-Manual.pdf,Napoleon/Entice-Series-Manual.pdf,,
NEFL36CFH,Product Manual,Entice-Series-Manual.pdf,Napoleon/Entice-Series-Manual.pdf,,
GDS60-1NNSB,Product Manual,GDS60-1-Manual.pdf,Napoleon/GDS60-1-Manual.pdf,,
GDS60-1NSB,Product Manual,GDS60-1-Manual.pdf,Napoleon/GDS60-1-Manual.pdf,,
HDX52NT-2,Product Manual,HDX52-2-Manual--CSA-.pdf,Napoleon/HDX52-2-Manual--CSA-.pdf,,
HDX52PT-2,Product Manual,HDX52-2-Manual--CSA-.pdf,Napoleon/HDX52-2-Manual--CSA-.pdf,,
NZ8000,Product Manual,High-Country-Series-Manual1.pdf,Napoleon/High-Country-Series-Manual1.pdf,,
GSS48ST,Product Manual,Galaxy-series-manual.pdf,Napoleon/Galaxy-series-manual.pdf,,
GSS48,Product Manual,Galaxy-series-manual.pdf,Napoleon/Galaxy-series-manual.pdf,,
EPI22-1,Product Manual,EPI22-1-Installation-Manual.pdf,Napoleon/EPI22-1-Installation-Manual.pdf,,
EPI3T-1,Product Manual,EPI3-1-Manual.pdf,Napoleon/EPI3-1-Manual.pdf,,
EPI3C-1,Product Manual,EPI3-1-Manual.pdf,Napoleon/EPI3-1-Manual.pdf,,
EPI3TN-1,Product Manual,EPI3-1-Manual.pdf,Napoleon/EPI3-1-Manual.pdf,,
BTD42BK,Product Manual,BTD42BK-Installation-Leaflet.pdf,Napoleon/BTD42BK-Installation-Leaflet.pdf,,
PRPDX42,Product Manual,PRPDX42-Installation-Leaflet.pdf,Napoleon/PRPDX42-Installation-Leaflet.pdf,,
2100-1,Product Manual,2100-1-Manual.pdf,Napoleon/2100-1-Manual.pdf,,
GX42NTRE,Product Manual,Ascent-X-42-Series-Manual.pdf,Napoleon/Ascent-X-42-Series-Manual.pdf,,
GX42PTRE,Product Manual,Ascent-X-42-Series-Manual.pdf,Napoleon/Ascent-X-42-Series-Manual.pdf,,
GDIX4N,Product Manual,Oakville--X4-Installation-Manual.pdf,Napoleon/Oakville--X4-Installation-Manual.pdf,,
DLKIX3,Product Manual,Oakville--3---X3-Driftwood-Log-Set.pdf,Napoleon/Oakville--3---X3-Driftwood-Log-Set.pdf,,
AX42PTE,Product Manual,Altitude-X-Series-Installation--AX36---42-.pdf,Napoleon/Altitude-X-Series-Installation--AX36---42-.pdf,,
AX36PTE,Product Manual,Altitude-X-Series-Installation--AX36---42-.pdf,Napoleon/Altitude-X-Series-Installation--AX36---42-.pdf,,
AX36NTE,Product Manual,Altitude-X-Series-Installation--AX36---42-.pdf,Napoleon/Altitude-X-Series-Installation--AX36---42-.pdf,,
AX42NTE,Product Manual,Altitude-X-Series-Installation--AX36---42-.pdf,Napoleon/Altitude-X-Series-Installation--AX36---42-.pdf,,
L50N,Product Manual,Acies-Series-Installation-Manual.pdf,Napoleon/Acies-Series-Installation-Manual.pdf,,
L38N2,Product Manual,Acies-Series-Installation-Manual.pdf,Napoleon/Acies-Series-Installation-Manual.pdf,,
L50N2,Product Manual,Acies-Series-Installation-Manual.pdf,Napoleon/Acies-Series-Installation-Manual.pdf,,
L38N,Product Manual,Acies-Series-Installation-Manual.pdf,Napoleon/Acies-Series-Installation-Manual.pdf,,
B19NS-2,Product Manual,B19N-PS-2-Installation-Manual.pdf,Napoleon/B19N-PS-2-Installation-Manual.pdf,,
S25I,Product Manual,S25i-Installation-&-Operation-Manual.pdf,Napoleon/S25i-Installation-&-Operation-Manual.pdf,,
B52PL-1,Product Manual,HDX52-Log-Set-Burner-Assembly-Manual.pdf,Napoleon/HDX52-Log-Set-Burner-Assembly-Manual.pdf,,
B52NL-1,Product Manual,HDX52-Log-Set-Burner-Assembly-Manual.pdf,Napoleon/HDX52-Log-Set-Burner-Assembly-Manual.pdf,,
BTEX36,Product Manual,BTEX36-42-Installation-Leaflet.pdf,Napoleon/BTEX36-42-Installation-Leaflet.pdf,,
LV74N,Product Manual,Vector-Series-Installation-Manual.pdf,Napoleon/Vector-Series-Installation-Manual.pdf,,
LV74N2,Product Manual,Vector-Series-Installation-Manual.pdf,Napoleon/Vector-Series-Installation-Manual.pdf,,
LV50N2-2,Product Manual,Vector-Series-Installation-Manual.pdf,Napoleon/Vector-Series-Installation-Manual.pdf,,
LV38N-1,Product Manual,Vector-Series-Installation-Manual.pdf,Napoleon/Vector-Series-Installation-Manual.pdf,,
LV50N-2,Product Manual,Vector-Series-Installation-Manual.pdf,Napoleon/Vector-Series-Installation-Manual.pdf,,
LV62N,Product Manual,Vector-Series-Installation-Manual.pdf,Napoleon/Vector-Series-Installation-Manual.pdf,,
LV62N2,Product Manual,Vector-Series-Installation-Manual.pdf,Napoleon/Vector-Series-Installation-Manual.pdf,,
LV38N2-1,Product Manual,Vector-Series-Installation-Manual.pdf,Napoleon/Vector-Series-Installation-Manual.pdf,,
GX36NTRE-1,Product Manual,Ascent--X-36-Installation-Manual.pdf,Napoleon/Ascent--X-36-Installation-Manual.pdf,,
GX36NTR-1,Product Manual,Ascent--X-36-Installation-Manual.pdf,Napoleon/Ascent--X-36-Installation-Manual.pdf,,
GX36PTRE-1,Product Manual,Ascent--X-36-Installation-Manual.pdf,Napoleon/Ascent--X-36-Installation-Manual.pdf,,
GX36PTR-1,Product Manual,Ascent--X-36-Installation-Manual.pdf,Napoleon/Ascent--X-36-Installation-Manual.pdf,,
GDS28-1NSB,Product Manual,Haliburton-Series-Manual.pdf,Napoleon/Haliburton-Series-Manual.pdf,,
GDS28-1NE,Product Manual,Haliburton-Series-Manual.pdf,Napoleon/Haliburton-Series-Manual.pdf,,
BHD4PGN,Product Manual,Ascent-Multi-View-Manual.pdf,Napoleon/Ascent-Multi-View-Manual.pdf,,
BHD4STFCN,Product Manual,Ascent-Multi-View-Manual.pdf,Napoleon/Ascent-Multi-View-Manual.pdf,,
BHD4STGN,Product Manual,Ascent-Multi-View-Manual.pdf,Napoleon/Ascent-Multi-View-Manual.pdf,,
BHD4PN,Product Manual,Ascent-Multi-View-Manual.pdf,Napoleon/Ascent-Multi-View-Manual.pdf,,
BHD4STN,Product Manual,Ascent-Multi-View-Manual.pdf,Napoleon/Ascent-Multi-View-Manual.pdf,,
BHD4PFCN,Product Manual,Ascent-Multi-View-Manual.pdf,Napoleon/Ascent-Multi-View-Manual.pdf,,
LVX38NX-1,Product Manual,Luxuria-Series-Installation-Manual.pdf,Napoleon/Luxuria-Series-Installation-Manual.pdf,,
LVX62N2X-1,Product Manual,Luxuria-Series-Installation-Manual.pdf,Napoleon/Luxuria-Series-Installation-Manual.pdf,,
LVX74NX-1,Product Manual,Luxuria-Series-Installation-Manual.pdf,Napoleon/Luxuria-Series-Installation-Manual.pdf,,
LVX74N2X-1,Product Manual,Luxuria-Series-Installation-Manual.pdf,Napoleon/Luxuria-Series-Installation-Manual.pdf,,
LVX74PX,Product Manual,Luxuria-Series-Installation-Manual.pdf,Napoleon/Luxuria-Series-Installation-Manual.pdf,,
LVX74P2X,Product Manual,Luxuria-Series-Installation-Manual.pdf,Napoleon/Luxuria-Series-Installation-Manual.pdf,,
LVX50NX-1,Product Manual,Luxuria-Series-Installation-Manual.pdf,Napoleon/Luxuria-Series-Installation-Manual.pdf,,
LVX50N2X-1,Product Manual,Luxuria-Series-Installation-Manual.pdf,Napoleon/Luxuria-Series-Installation-Manual.pdf,,
LVX38N2X-1,Product Manual,Luxuria-Series-Installation-Manual.pdf,Napoleon/Luxuria-Series-Installation-Manual.pdf,,
LVX62NX-1,Product Manual,Luxuria-Series-Installation-Manual.pdf,Napoleon/Luxuria-Series-Installation-Manual.pdf,,
GX70PTE-1,Product Manual,Ascent-X-70-Series-Manual.pdf,Napoleon/Ascent-X-70-Series-Manual.pdf,,
GX70NTE-1,Product Manual,Ascent-X-70-Series-Manual.pdf,Napoleon/Ascent-X-70-Series-Manual.pdf,,
UHM,Product Manual,Universal-Heat-Management-Leaflet.pdf,Napoleon/Universal-Heat-Management-Leaflet.pdf,,
DX42NTRE,Product Manual,Ascent-Deep-Series-Installation-Manual.pdf,Napoleon/Ascent-Deep-Series-Installation-Manual.pdf,,
DX42PTRE,Product Manual,Ascent-Deep-Series-Installation-Manual.pdf,Napoleon/Ascent-Deep-Series-Installation-Manual.pdf,,
D42PTRE,Product Manual,Ascent-Deep-Series-Installation-Manual.pdf,Napoleon/Ascent-Deep-Series-Installation-Manual.pdf,,
D42NTRE,Product Manual,Ascent-Deep-Series-Installation-Manual.pdf,Napoleon/Ascent-Deep-Series-Installation-Manual.pdf,,
NEFP32-5019W,Product Manual,NEFP32-5019W-NEFP32-5320BW-Installation-Manual.pdf,Napoleon/NEFP32-5019W-NEFP32-5320BW-Installation-Manual.pdf,,
NEFP32-5320BW,Product Manual,NEFP32-5019W-NEFP32-5320BW-Installation-Manual.pdf,Napoleon/NEFP32-5019W-NEFP32-5320BW-Installation-Manual.pdf,,
B30NTR-1,Product Manual,Ascent--30-Manual.pdf,Napoleon/Ascent--30-Manual.pdf,,
B30NTRE-1,Product Manual,Ascent--30-Manual.pdf,Napoleon/Ascent--30-Manual.pdf,,
S25,Product Manual,S25-Installation-&-Operation-Manual.pdf,Napoleon/S25-Installation-&-Operation-Manual.pdf,,
NEFP32-5019W,Product Manual,Electric-Stylus-Wall-Mount-Manual.pdf,Napoleon/Electric-Stylus-Wall-Mount-Manual.pdf,,
DLKEX42,Product Manual,DLKEX42-Log-Installation.pdf,Napoleon/DLKEX42-Log-Installation.pdf,,
S20-1,Product Manual,S20-1-Installation-Operation-Manual.pdf,Napoleon/S20-1-Installation-Operation-Manual.pdf,,
BLKEX36,Product Manual,BLKEX36-Installation-Leaflet.pdf,Napoleon/BLKEX36-Installation-Leaflet.pdf,,
B81NG-1,Product Manual,High-Definition-81-Glass-Embers-Assembly-Manual.pdf,Napoleon/High-Definition-81-Glass-Embers-Assembly-Manual.pdf,,
B81NL-1,Product Manual,High-Definition-81-Log-Burner-Assembly-Manual.pdf,Napoleon/High-Definition-81-Log-Burner-Assembly-Manual.pdf,,
GSS36CFN,Product Manual,GSS36CFN-Manual.pdf,Napoleon/GSS36CFN-Manual.pdf,,
GDS25NW-1,Product Manual,GDS25-1-Manual.pdf,Napoleon/GDS25-1-Manual.pdf,,
GDS25N-1,Product Manual,GDS25-1-Manual.pdf,Napoleon/GDS25-1-Manual.pdf,,
GDS25NN-1,Product Manual,GDS25-1-Manual.pdf,Napoleon/GDS25-1-Manual.pdf,,
HD81NT-1,Product Manual,HD81-1-Installation-Operation-Manual--CSA-.pdf,Napoleon/HD81-1-Installation-Operation-Manual--CSA-.pdf,,
BL36NTE-1,Product Manual,Ascent-Linear-Series-Installation-Manual.pdf,Napoleon/Ascent-Linear-Series-Installation-Manual.pdf,,
BL46NTE,Product Manual,Ascent-Linear-Series-Installation-Manual.pdf,Napoleon/Ascent-Linear-Series-Installation-Manual.pdf,,
GDIX3N,Product Manual,Oakville--3---3E---G3---X3-Installation-Manual.pdf,Napoleon/Oakville--3---3E---G3---X3-Installation-Manual.pdf,,
GDIG3N,Product Manual,Oakville--3---3E---G3---X3-Installation-Manual.pdf,Napoleon/Oakville--3---3E---G3---X3-Installation-Manual.pdf,,
GDI3N,Product Manual,Oakville--3---3E---G3---X3-Installation-Manual.pdf,Napoleon/Oakville--3---3E---G3---X3-Installation-Manual.pdf,,
GDI3NE,Product Manual,Oakville--3---3E---G3---X3-Installation-Manual.pdf,Napoleon/Oakville--3---3E---G3---X3-Installation-Manual.pdf,,
EX42PTEL,Product Manual,Elevation-Installation-Manual.pdf,Napoleon/Elevation-Installation-Manual.pdf,,
EX36NTEL,Product Manual,Elevation-Installation-Manual.pdf,Napoleon/Elevation-Installation-Manual.pdf,,
EX42NTEL,Product Manual,Elevation-Installation-Manual.pdf,Napoleon/Elevation-Installation-Manual.pdf,,
BTEX42,Product Manual,Elevation-Installation-Manual.pdf,Napoleon/Elevation-Installation-Manual.pdf,,
EX36PTEL,Product Manual,Elevation-Installation-Manual.pdf,Napoleon/Elevation-Installation-Manual.pdf,,
GT8PSB,Product Manual,GT8-Manual--CSA-.pdf,Napoleon/GT8-Manual--CSA-.pdf,,
GT8NSB,Product Manual,GT8-Manual--CSA-.pdf,Napoleon/GT8-Manual--CSA-.pdf,,
BLKEX42,Product Manual,BLKEX42-Log-Installation.pdf,Napoleon/BLKEX42-Log-Installation.pdf,,
GDS50-1NE,Product Manual,Havelock-Series-Manual.pdf,Napoleon/Havelock-Series-Manual.pdf,,
GDS50-1NSB,Product Manual,Havelock-Series-Manual.pdf,Napoleon/Havelock-Series-Manual.pdf,,
B36PTRE-1,Product Manual,B36-1-Installation-Operation-Manual.pdf,Napoleon/B36-1-Installation-Operation-Manual.pdf,,
B36PTR-1,Product Manual,B36-1-Installation-Operation-Manual.pdf,Napoleon/B36-1-Installation-Operation-Manual.pdf,,
B36NTR-1,Product Manual,B36-1-Installation-Operation-Manual.pdf,Napoleon/B36-1-Installation-Operation-Manual.pdf,,
B36NTRE-1,Product Manual,B36-1-Installation-Operation-Manual.pdf,Napoleon/B36-1-Installation-Operation-Manual.pdf,,
SOST47,Product Manual,W415-2899_ST47U_ST58U-1_-e-f_05.01.20.pdf,Napoleon/W415-2899_ST47U_ST58U-1_-e-f_05.01.20.pdf,,
SOST58B,Product Manual,W415-2899_ST47U_ST58U-1_-e-f_05.01.20.pdf,Napoleon/W415-2899_ST47U_ST58U-1_-e-f_05.01.20.pdf,,
SOST58,Product Manual,W415-2899_ST47U_ST58U-1_-e-f_05.01.20.pdf,Napoleon/W415-2899_ST47U_ST58U-1_-e-f_05.01.20.pdf,,
STS4758,Product Manual,W415-2899_ST47U_ST58U-1_-e-f_05.01.20.pdf,Napoleon/W415-2899_ST47U_ST58U-1_-e-f_05.01.20.pdf,,
SOST47B,Product Manual,W415-2899_ST47U_ST58U-1_-e-f_05.01.20.pdf,Napoleon/W415-2899_ST47U_ST58U-1_-e-f_05.01.20.pdf,,
ST58U-1,Product Manual,W415-2899_ST47U_ST58U-1_-e-f_05.01.20.pdf,Napoleon/W415-2899_ST47U_ST58U-1_-e-f_05.01.20.pdf,,
ST47U,Product Manual,W415-2899_ST47U_ST58U-1_-e-f_05.01.20.pdf,Napoleon/W415-2899_ST47U_ST58U-1_-e-f_05.01.20.pdf,,
NEFB36H-BS,Product Manual,Element--Electric-Fireplace-Installation---Operation-Manual.pdf,Napoleon/Element--Electric-Fireplace-Installation---Operation-Manual.pdf,,
NZ3000H-1,Product Manual,NZ3000H-1-Manual.pdf,Napoleon/NZ3000H-1-Manual.pdf,,
S20I,Product Manual,S20i-Installation-Operation-Manual.pdf,Napoleon/S20i-Installation-Operation-Manual.pdf,,
NZ6000-1,Product Manual,NZ6000-1-Manual.pdf,Napoleon/NZ6000-1-Manual.pdf,,